,ratio,regen_density,death_density,regen_seqs,death_seqs,log2_ratio
TGACGT,1.3545104266280747,0.12099789240589104,0.08932961314081857,447,103,0.4377714990303078
CACGTG,0.5919987007105529,0.14954455393397392,0.2526095982212147,486,115,-0.7563340853853314
TATAA,1.298724047527553,2.5517161474802452,1.9647870171789588,470,129,0.37709491996498784
GATA,1.1082585670009313,3.4294565579399823,3.094455265273037,488,129,0.1482945147901057
ATAAA,1.2544998404581122,3.2156848097111794,2.563320222134816,488,129,0.3271122872713542
CAAT,1.1170192787002153,4.9421516156901895,4.424410312274082,488,129,0.15965408559309757
AGAAA,0.814335747191863,2.2749335629962424,2.793606409691668,488,129,-0.2963043606650224
TTGACA,1.5140815766097382,0.44275480207650525,0.2924246678094462,488,129,0.5984429378201925
GGATA,0.956236114838027,0.550243336253349,0.5754262234140284,488,129,-0.06456120090034079
ACGTG,1.0582445971146839,0.49982246369002165,0.47231279522030484,486,129,0.08167312297171242
TATAAA,1.3788884874580598,1.1247767084517308,0.8157125965459494,470,129,0.46350578890678
AAAAAA,1.2331660627144168,1.8574878883725858,1.5062755492021296,470,129,0.30236709148659174
ATATAT,1.5652243122953455,1.1521886587373007,0.7361172770487172,470,129,0.6463694245996953
GATAAG,0.9518285940913731,0.16227304252703986,0.1704855722284196,470,129,-0.07122629942007941
CTAGA,1.013475843256544,0.8041814042837767,0.7934884779293273,468,129,0.019311701800047595
GGAATG,1.0369884829910392,0.30387577493055995,0.2930367886575514,488,103,0.05239987137005757
TGACGTCA,3.9272863881120332,0.12522436031222606,0.03188572157387922,61,58,1.97353280697907
TTGACC,1.2163952451830171,0.26241202404968156,0.21572924186348608,468,115,0.2826120820828868
CCAAT,1.3194433637444776,1.0628742013307286,0.8055474229029235,470,129,0.3999294252389435
CGCG,0.9900808972682122,1.2594948436795066,1.2721130638462468,486,115,-0.01438168553402123
GCCAAT,1.6448790651041987,0.23859054498216134,0.14505050860200916,470,115,0.7179815179495365
CAGCTG,0.8079186491218513,0.25074313826200384,0.31035691345229294,486,115,-0.30771806232750454
GGGGGG,0.4174053030994142,0.11967504579768913,0.28671184795461474,486,72,-1.260479164953522
CGCGCG,0.38563729304868966,0.07890085582196654,0.2045986144083962,486,103,-1.3746835207706405
